condition,intention_rate,sample_size,confidence
最高支出 > 440000.00,0.75,1,0.8487048957087499
最高支出 ≤ 440000.00,0.23076923076923078,1,0.8257970867000965
