condition,intention_rate,sample_size,confidence
最高支出 ≤ 440000.00 AND 収入変動率 ≤ -0.59,1.0,1,0.0
最高支出 > 440000.00 AND 収入変動率 > 0.18,0.8571428571428571,1,0.68585712797929
最高支出 ≤ 440000.00 AND 収入変動率 > -0.59,0.09090909090909091,1,0.5634603830845476
最高支出 > 440000.00 AND 収入変動率 ≤ 0.18,0.0,1,0.0
