condition,intention_rate,sample_size,confidence,type
"支出変動率 > 0.682 AND 最高支出 > 380,000",0.6666666666666666,6,0.3772021758705555,複合条件
支出変動率 > 0.682,0.6,10,0.3036418943426615,単一条件
"最高支出 > 380,000",0.6,10,0.3036418943426615,単一条件
業種/業態 = サービス,0.5714285714285714,7,0.3666060555964672,業種条件
業種/業態 = 製造,0.5,4,0.49,業種条件
業種/業態 = 公務員,0.5,2,0.6929646455628166,業種条件
収入変動率 < 0.457,0.4,10,0.3036418943426615,単一条件
業種/業態 = IT,0.4,5,0.4294144850840502,業種条件
業種/業態 = 金融,0.0,3,0.0,業種条件
