condition,intention_rate,sample_size,depth,node_id,confidence,support
最高支出 ≤ 440000.000 AND 収入変動率 ≤ -0.592,1.0,1,2,2,0.0,0.047619047619047616
最高支出 > 440000.000 AND 支出変動率 > 0.824,1.0,1,2,6,0.0,0.047619047619047616
最高支出 > 440000.000 AND 支出変動率 ≤ 0.824,0.5,1,2,5,0.98,0.047619047619047616
最高支出 ≤ 440000.000 AND 収入変動率 > -0.592,0.09090909090909091,1,2,3,0.5634603830845476,0.047619047619047616
