condition,intention_rate,sample_size,depth,node_id,confidence,support
最高支出 > 440000.000,0.75,1,1,2,0.8487048957087499,0.047619047619047616
最高支出 ≤ 440000.000,0.23076923076923078,1,1,1,0.8257970867000965,0.047619047619047616
